VendorId,TotalFareByVendor,TotalTipsByVendor,AverageFareByVendor,AverageTipsByVendor
1,5351204.920000505,598407.4599999959,16.590774258157893,1.8552911412812507
2,1.2207612320009315E7,1446211.8900000085,16.56525056959691,1.9624527472348647
